{
	"credit": "Made with Blockbench",
	"textures": {
		"0": "block/red_wool",
		"1": "block/obsidian",
		"2": "block/daylight_detector_side",
		"3": "block/dirt",
		"4": "block/dead_horn_coral_block",
		"5": "block/coal_block",
		"6": "block/clay",
		"particle": "block/red_wool"
	},
	"elements": [
		{
			"from": [0, -16, 0],
			"to": [16, -15, 16],
			"rotation": {"angle": 0, "axis": "y", "origin": [8, -8, 8]},
			"faces": {
				"north": {"uv": [0, 0, 16, 1], "texture": "#3"},
				"east": {"uv": [0, 0, 16, 1], "texture": "#3"},
				"south": {"uv": [0, 0, 16, 1], "texture": "#3"},
				"west": {"uv": [0, 0, 16, 1], "texture": "#3"},
				"up": {"uv": [0, 0, 16, 16], "texture": "#3"},
				"down": {"uv": [0, 0, 16, 16], "texture": "#3"}
			}
		},
		{
			"from": [1, -15, 1],
			"to": [15, -13, 15],
			"rotation": {"angle": 0, "axis": "y", "origin": [9, -7, 9]},
			"faces": {
				"north": {"uv": [0, 0, 14, 2], "texture": "#2"},
				"east": {"uv": [0, 0, 14, 2], "texture": "#2"},
				"south": {"uv": [0, 0, 14, 2], "texture": "#2"},
				"west": {"uv": [0, 0, 14, 2], "texture": "#2"},
				"up": {"uv": [0, 0, 14, 14], "texture": "#2"},
				"down": {"uv": [0, 0, 14, 14], "texture": "#missing"}
			}
		},
		{
			"from": [3, -15, 0],
			"to": [4, -6, 1],
			"rotation": {"angle": 0, "axis": "y", "origin": [11, -7, 8]},
			"faces": {
				"north": {"uv": [0, 0, 1, 9], "texture": "#4"},
				"east": {"uv": [0, 0, 1, 9], "texture": "#4"},
				"south": {"uv": [0, 0, 1, 9], "texture": "#4"},
				"west": {"uv": [0, 0, 1, 9], "texture": "#4"},
				"up": {"uv": [0, 0, 1, 1], "texture": "#missing"},
				"down": {"uv": [0, 0, 1, 1], "texture": "#missing"}
			}
		},
		{
			"from": [3, -6, 0],
			"to": [13, -5, 1],
			"rotation": {"angle": 0, "axis": "z", "origin": [4, 2, 8]},
			"faces": {
				"north": {"uv": [0, 0, 1, 10], "rotation": 90, "texture": "#4"},
				"east": {"uv": [0, 0, 1, 1], "rotation": 270, "texture": "#4"},
				"south": {"uv": [0, 0, 1, 10], "rotation": 270, "texture": "#4"},
				"west": {"uv": [0, 0, 1, 1], "rotation": 270, "texture": "#4"},
				"up": {"uv": [0, 0, 1, 10], "rotation": 270, "texture": "#4"},
				"down": {"uv": [0, 0, 1, 10], "rotation": 270, "texture": "#4"}
			}
		},
		{
			"from": [12, -15, 0],
			"to": [13, -6, 1],
			"rotation": {"angle": 0, "axis": "y", "origin": [20, -7, 8]},
			"faces": {
				"north": {"uv": [0, 0, 1, 9], "texture": "#4"},
				"east": {"uv": [0, 0, 1, 9], "texture": "#4"},
				"south": {"uv": [0, 0, 1, 9], "texture": "#4"},
				"west": {"uv": [0, 0, 1, 9], "texture": "#4"},
				"up": {"uv": [0, 0, 1, 1], "texture": "#missing"},
				"down": {"uv": [0, 0, 1, 1], "texture": "#missing"}
			}
		},
		{
			"from": [3, -13, 2],
			"to": [13, -8, 14],
			"rotation": {"angle": 0, "axis": "y", "origin": [11, -5, 10]},
			"faces": {
				"north": {"uv": [0, 0, 10, 5], "texture": "#1"},
				"east": {"uv": [0, 0, 12, 5], "texture": "#1"},
				"south": {"uv": [0, 0, 10, 5], "texture": "#1"},
				"west": {"uv": [0, 0, 12, 5], "texture": "#1"},
				"up": {"uv": [0, 0, 10, 12], "texture": "#1"},
				"down": {"uv": [0, 0, 10, 12], "texture": "#missing"}
			}
		},
		{
			"from": [4, -8, 4],
			"to": [5, -5, 6],
			"rotation": {"angle": 0, "axis": "y", "origin": [12, 0, 12]},
			"faces": {
				"north": {"uv": [0, 0, 1, 3], "texture": "#6"},
				"east": {"uv": [0, 0, 2, 3], "texture": "#6"},
				"south": {"uv": [0, 0, 1, 3], "texture": "#6"},
				"west": {"uv": [0, 0, 2, 3], "texture": "#6"},
				"up": {"uv": [0, 0, 1, 2], "texture": "#6"},
				"down": {"uv": [0, 0, 1, 2], "texture": "#missing"}
			}
		},
		{
			"from": [12, -6, 9],
			"to": [13, -3, 11],
			"rotation": {"angle": 0, "axis": "y", "origin": [4, 0, 3]},
			"faces": {
				"north": {"uv": [0, 0, 1, 3], "texture": "#6"},
				"east": {"uv": [0, 0, 2, 3], "texture": "#6"},
				"south": {"uv": [0, 0, 1, 3], "texture": "#6"},
				"west": {"uv": [0, 0, 2, 3], "texture": "#6"},
				"up": {"uv": [0, 0, 1, 2], "rotation": 180, "texture": "#6"},
				"down": {"uv": [0, 0, 1, 2], "rotation": 180, "texture": "#missing"}
			}
		},
		{
			"from": [11, -8, 3],
			"to": [12, -5, 5],
			"rotation": {"angle": 0, "axis": "y", "origin": [4, 0, 3]},
			"faces": {
				"north": {"uv": [0, 0, 1, 3], "texture": "#6"},
				"east": {"uv": [0, 0, 2, 3], "texture": "#6"},
				"south": {"uv": [0, 0, 1, 3], "texture": "#6"},
				"west": {"uv": [0, 0, 2, 3], "texture": "#6"},
				"up": {"uv": [0, 0, 1, 2], "rotation": 180, "texture": "#6"},
				"down": {"uv": [0, 0, 1, 2], "rotation": 180, "texture": "#missing"}
			}
		},
		{
			"from": [12, -6, 3],
			"to": [13, -3, 5],
			"rotation": {"angle": 0, "axis": "y", "origin": [4, 0, 3]},
			"faces": {
				"north": {"uv": [0, 0, 1, 3], "texture": "#6"},
				"east": {"uv": [0, 0, 2, 3], "texture": "#6"},
				"south": {"uv": [0, 0, 1, 3], "texture": "#6"},
				"west": {"uv": [0, 0, 2, 3], "texture": "#6"},
				"up": {"uv": [0, 0, 1, 2], "rotation": 180, "texture": "#6"},
				"down": {"uv": [0, 0, 1, 2], "rotation": 180, "texture": "#missing"}
			}
		},
		{
			"from": [11, -8, 6],
			"to": [12, -5, 8],
			"rotation": {"angle": 0, "axis": "y", "origin": [4, 0, 3]},
			"faces": {
				"north": {"uv": [0, 0, 1, 3], "texture": "#6"},
				"east": {"uv": [0, 0, 2, 3], "texture": "#6"},
				"south": {"uv": [0, 0, 1, 3], "texture": "#6"},
				"west": {"uv": [0, 0, 2, 3], "texture": "#6"},
				"up": {"uv": [0, 0, 1, 2], "rotation": 180, "texture": "#6"},
				"down": {"uv": [0, 0, 1, 2], "rotation": 180, "texture": "#missing"}
			}
		},
		{
			"from": [12, -6, 6],
			"to": [13, -3, 8],
			"rotation": {"angle": 0, "axis": "y", "origin": [4, 0, 3]},
			"faces": {
				"north": {"uv": [0, 0, 1, 3], "texture": "#6"},
				"east": {"uv": [0, 0, 2, 3], "texture": "#6"},
				"south": {"uv": [0, 0, 1, 3], "texture": "#6"},
				"west": {"uv": [0, 0, 2, 3], "texture": "#6"},
				"up": {"uv": [0, 0, 1, 2], "rotation": 180, "texture": "#6"},
				"down": {"uv": [0, 0, 1, 2], "rotation": 180, "texture": "#missing"}
			}
		},
		{
			"from": [11, -8, 9],
			"to": [12, -5, 11],
			"rotation": {"angle": 0, "axis": "y", "origin": [4, 0, 3]},
			"faces": {
				"north": {"uv": [0, 0, 1, 3], "texture": "#6"},
				"east": {"uv": [0, 0, 2, 3], "texture": "#6"},
				"south": {"uv": [0, 0, 1, 3], "texture": "#6"},
				"west": {"uv": [0, 0, 2, 3], "texture": "#6"},
				"up": {"uv": [0, 0, 1, 2], "rotation": 180, "texture": "#6"},
				"down": {"uv": [0, 0, 1, 2], "rotation": 180, "texture": "#missing"}
			}
		},
		{
			"from": [3, -6, 7],
			"to": [4, -3, 9],
			"rotation": {"angle": 0, "axis": "y", "origin": [11, 2, 15]},
			"faces": {
				"north": {"uv": [0, 0, 1, 3], "texture": "#6"},
				"east": {"uv": [0, 0, 2, 3], "texture": "#6"},
				"south": {"uv": [0, 0, 1, 3], "texture": "#6"},
				"west": {"uv": [0, 0, 2, 3], "texture": "#6"},
				"up": {"uv": [0, 0, 1, 2], "texture": "#6"},
				"down": {"uv": [0, 0, 1, 2], "texture": "#missing"}
			}
		},
		{
			"from": [4, -8, 7],
			"to": [5, -5, 9],
			"rotation": {"angle": 0, "axis": "y", "origin": [12, 0, 15]},
			"faces": {
				"north": {"uv": [0, 0, 1, 3], "texture": "#6"},
				"east": {"uv": [0, 0, 2, 3], "texture": "#6"},
				"south": {"uv": [0, 0, 1, 3], "texture": "#6"},
				"west": {"uv": [0, 0, 2, 3], "texture": "#6"},
				"up": {"uv": [0, 0, 1, 2], "texture": "#6"},
				"down": {"uv": [0, 0, 1, 2], "texture": "#missing"}
			}
		},
		{
			"from": [3, -6, 10],
			"to": [4, -3, 12],
			"rotation": {"angle": 0, "axis": "y", "origin": [11, 2, 18]},
			"faces": {
				"north": {"uv": [0, 0, 1, 3], "texture": "#6"},
				"east": {"uv": [0, 0, 2, 3], "texture": "#6"},
				"south": {"uv": [0, 0, 1, 3], "texture": "#6"},
				"west": {"uv": [0, 0, 2, 3], "texture": "#6"},
				"up": {"uv": [0, 0, 1, 2], "texture": "#6"},
				"down": {"uv": [0, 0, 1, 2], "texture": "#missing"}
			}
		},
		{
			"from": [4, -8, 10],
			"to": [5, -5, 12],
			"rotation": {"angle": 0, "axis": "y", "origin": [12, 0, 18]},
			"faces": {
				"north": {"uv": [0, 0, 1, 3], "texture": "#6"},
				"east": {"uv": [0, 0, 2, 3], "texture": "#6"},
				"south": {"uv": [0, 0, 1, 3], "texture": "#6"},
				"west": {"uv": [0, 0, 2, 3], "texture": "#6"},
				"up": {"uv": [0, 0, 1, 2], "texture": "#6"},
				"down": {"uv": [0, 0, 1, 2], "texture": "#missing"}
			}
		},
		{
			"from": [3, -6, 4],
			"to": [4, -3, 6],
			"rotation": {"angle": 0, "axis": "y", "origin": [11, 2, 12]},
			"faces": {
				"north": {"uv": [0, 0, 1, 3], "texture": "#6"},
				"east": {"uv": [0, 0, 2, 3], "texture": "#6"},
				"south": {"uv": [0, 0, 1, 3], "texture": "#6"},
				"west": {"uv": [0, 0, 2, 3], "texture": "#6"},
				"up": {"uv": [0, 0, 1, 2], "texture": "#6"},
				"down": {"uv": [0, 0, 1, 2], "texture": "#missing"}
			}
		},
		{
			"from": [6, -8, 2],
			"to": [10, -4, 12],
			"rotation": {"angle": 0, "axis": "y", "origin": [16, 0, 10]},
			"faces": {
				"north": {"uv": [0, 0, 4, 4], "texture": "#5"},
				"east": {"uv": [0, 0, 10, 4], "texture": "#5"},
				"south": {"uv": [0, 0, 4, 4], "texture": "#5"},
				"west": {"uv": [0, 0, 10, 4], "texture": "#5"},
				"up": {"uv": [0, 0, 4, 10], "texture": "#missing"},
				"down": {"uv": [0, 0, 4, 10], "texture": "#missing"}
			}
		},
		{
			"from": [5, -4, 1],
			"to": [11, -3, 13],
			"rotation": {"angle": 0, "axis": "y", "origin": [16, 4, 10]},
			"faces": {
				"north": {"uv": [0, 0, 6, 1], "texture": "#0"},
				"east": {"uv": [0, 0, 12, 1], "texture": "#0"},
				"south": {"uv": [0, 0, 6, 1], "texture": "#0"},
				"west": {"uv": [0, 0, 12, 1], "texture": "#0"},
				"up": {"uv": [0, 0, 6, 12], "texture": "#0"},
				"down": {"uv": [0, 0, 6, 12], "texture": "#0"}
			}
		},
		{
			"from": [7, -15, 15],
			"to": [9, 14, 16],
			"rotation": {"angle": 0, "axis": "y", "origin": [13, -7, 23]},
			"faces": {
				"north": {"uv": [0, 0, 2, 16], "texture": "#4"},
				"east": {"uv": [0, 0, 1, 16], "texture": "#4"},
				"south": {"uv": [0, 0, 2, 16], "texture": "#4"},
				"west": {"uv": [0, 0, 1, 16], "texture": "#4"},
				"up": {"uv": [0, 0, 2, 1], "texture": "#4"},
				"down": {"uv": [0, 0, 2, 1], "texture": "#missing"}
			}
		}
	],
	"display": {
		"thirdperson_righthand": {
			"rotation": [75, 45, 0],
			"translation": [0, 2.5, 0],
			"scale": [0.375, 0.375, 0.375]
		},
		"thirdperson_lefthand": {
			"rotation": [75, 45, 0],
			"translation": [0, 2.5, 0],
			"scale": [0.375, 0.375, 0.375]
		},
		"firstperson_righthand": {
			"rotation": [0, 45, 0],
			"scale": [0.4, 0.4, 0.4]
		},
		"firstperson_lefthand": {
			"rotation": [0, 225, 0],
			"scale": [0.4, 0.4, 0.4]
		},
		"ground": {
			"translation": [0, 3, 0],
			"scale": [0.25, 0.25, 0.25]
		},
		"gui": {
			"rotation": [30, 225, 0],
			"scale": [0.625, 0.625, 0.625]
		},
		"head": {
			"translation": [0, 13.25, 0]
		},
		"fixed": {
			"scale": [0.5, 0.5, 0.5]
		}
	}
}